pedido_id,cliente_id,data_pedido,status,valor_total
87,22,2026-09-15 13:24:00.000000,CONFIRMADO,344.4
1,14,2026-09-01 21:24:38.915438, confirmado ,136.5
39,30,2026-09-17 13:24:42.748748,CONFIRMADO,64.8
2,19,2026-09-03 06:24:39.004441,CONFIRMADO,9.0
3,34,2026-08-31 02:24:39.137210,CONFIRMADO,303.7
63,26,2026-09-11 03:24:45.178641,CONFIRMADO,55.8
4,17,2026-09-06 06:24:39.203881,CONFIRMADO,24.9
40,21,2026-09-21 10:24:42.815449,CONFIRMADO,179.8
5,19,2026-09-07 13:24:39.270701,CONFIRMADO,21.0
6,33,2026-09-01 22:24:39.336960,CONFIRMADO,14.0
7,18,2026-09-19 19:24:39.420633,CONFIRMADO,39.9
41,2,2026-09-18 16:24:42.927068,CONFIRMADO,128.4
8,29,2026-09-26 21:24:39.532293,CONFIRMADO,122.7
9,24,2026-09-25 22:24:39.643111,CONFIRMADO,118.6
78,50,2026-09-08 06:24:46.815609,CONFIRMADO,86.7
10,3,2026-09-08 20:24:39.754078,CONFIRMADO,57.9
42,3,2026-09-10 19:24:43.059911,CONFIRMADO,76.8
11,48,2026-09-04 18:24:39.864553,CONFIRMADO,46.9
12,48,2026-09-21 18:24:39.985497,CONFIRMADO,101.6
64,37,2026-09-12 10:24:45.290153,CONFIRMADO,113.6
13,31,2026-09-20 16:24:40.127560,CONFIRMADO,88.6
43,31,2026-09-11 17:24:43.126900,CONFIRMADO,74.7
14,43,2026-09-19 15:24:40.197136,CONFIRMADO,22.9
15,23,2026-09-08 06:24:40.263712,CONFIRMADO,21.0
16,17,2026-09-28 20:24:40.375395,CONFIRMADO,292.6
44,24,2026-09-05 18:24:43.237897,CONFIRMADO,126.7
17,21,2026-09-17 05:24:40.485866,CONFIRMADO,181.5
18,3,2026-09-29 07:24:40.552411,CONFIRMADO,21.0
19,5,2026-09-08 20:24:40.675174,CONFIRMADO,364.2
45,2,2026-09-17 01:24:43.348692,CONFIRMADO,76.8
20,43,2026-09-12 19:24:40.780139,CONFIRMADO,243.6
21,43,2026-09-10 05:24:40.845915,CONFIRMADO,79.8
65,25,2026-09-20 05:24:45.404480,CONFIRMADO,123.6
22,1,2026-09-16 05:24:40.956958,CONFIRMADO,93.8
46,38,2026-09-26 01:24:43.414482,CONFIRMADO,83.7
23,29,2026-09-04 00:24:41.068582,CONFIRMADO,161.6
24,19,2026-09-27 16:24:41.134369,CONFIRMADO,83.7
25,10,2026-09-10 21:24:41.257001,CONFIRMADO,74.8
47,37,2026-09-08 12:24:43.525460,CONFIRMADO,107.7
26,37,2026-09-14 11:24:41.378856,CONFIRMADO,66.9
27,42,2026-09-01 20:24:41.445026,CONFIRMADO,74.7
28,45,2026-09-12 16:24:41.556635,CONFIRMADO,100.5
48,1,2026-09-26 10:24:43.592275,CONFIRMADO,18.0
29,9,2026-09-05 09:24:41.645861,CONFIRMADO,179.8
30,29,2026-09-21 16:24:41.767561,CONFIRMADO,323.6
66,7,2026-09-08 21:24:45.523252,CONFIRMADO,52.9
31,32,2026-09-27 01:24:41.878598,CONFIRMADO,240.7
49,10,2026-09-10 06:24:43.703144,CONFIRMADO,188.8
32,22,2026-09-25 19:24:41.989601,CONFIRMADO,104.5
33,45,2026-09-27 10:24:42.055389,CONFIRMADO,39.9
34,30,2026-09-03 10:24:42.194073,CONFIRMADO,25.0
50,47,2026-09-02 16:24:43.842636,CONFIRMADO,299.5
35,49,2026-09-29 12:24:42.304903,CONFIRMADO,148.5
36,27,2026-09-14 16:24:42.416539,CONFIRMADO,389.4
79,13,2026-09-09 09:24:46.927238,CONFIRMADO,165.5
37,2,2026-09-06 18:24:42.527862,CONFIRMADO,109.6
51,29,2026-09-11 04:24:43.909369,CONFIRMADO,7.0
38,35,2026-09-27 03:24:42.638483,CONFIRMADO,38.9
67,12,2026-09-24 23:24:45.589016,CONFIRMADO,44.7
52,32,2026-09-18 15:24:44.019227,CONFIRMADO,150.5
53,45,2026-09-13 17:24:44.141925,CONFIRMADO,283.7
54,47,2026-09-12 16:24:44.224521,CONFIRMADO,29.8
68,39,2026-09-22 14:24:45.700461,CONFIRMADO,197.8
55,32,2026-09-22 11:24:44.336124,CONFIRMADO,228.7
56,38,2026-09-16 00:24:44.446808,CONFIRMADO,106.6
93,22,2026-09-19 03:24:48.369082,CONFIRMADO,203.4
57,30,2026-09-26 00:24:44.561259,CONFIRMADO,247.6
69,5,2026-09-16 20:24:45.837258,CONFIRMADO,59.8
58,8,2026-09-23 17:24:44.635036,CONFIRMADO,27.0
59,38,2026-09-03 17:24:44.746105,CONFIRMADO,362.4
80,18,2026-08-31 14:24:46.993245,CONFIRMADO,44.7
60,12,2026-09-21 22:24:44.856976,CONFIRMADO,54.7
70,18,2026-09-04 14:24:45.955026,CONFIRMADO,51.8
61,45,2026-09-26 23:24:44.927974,CONFIRMADO,7.0
62,29,2026-09-02 08:24:45.090325,CONFIRMADO,68.8
71,30,2026-09-21 07:24:46.066341,CONFIRMADO,119.5
88,37,2026-09-02 10:24:47.892033,CONFIRMADO,29.8
72,39,2026-09-10 15:24:46.177404,CONFIRMADO,188.4
81,2,2026-09-07 18:24:47.104858,CONFIRMADO,338.4
73,15,2026-09-05 02:24:46.247830,CONFIRMADO,83.7
74,49,2026-08-31 15:24:46.387363,CONFIRMADO,102.7
75,41,2026-09-14 12:24:46.453955,CONFIRMADO,79.8
82,27,2026-09-15 20:24:47.227348,CONFIRMADO,29.9
76,43,2026-09-16 01:24:46.565615,CONFIRMADO,33.9
77,26,2026-09-27 13:24:46.693636,CONFIRMADO,30.0
83,19,2026-09-03 08:24:47.337810,CONFIRMADO,137.4
89,48,2026-09-17 02:24:47.970033,CONFIRMADO,18.0
84,36,2026-08-31 04:24:47.448542,CONFIRMADO,194.7
85,18,2026-09-03 23:24:47.570349,CONFIRMADO,198.3
86,38,2026-09-02 19:24:47.692594,CONFIRMADO,140.7
94,3,2026-09-22 00:24:48.491718,CONFIRMADO,316.6
90,9,2026-09-02 09:24:48.092176,CONFIRMADO,165.2
91,1,2026-09-16 03:24:48.169453,CONFIRMADO,269.7
97,37,2026-09-24 18:24:48.768433,CONFIRMADO,119.7
92,31,2026-09-10 01:24:48.247018,CONFIRMADO,55.8
95,7,2026-09-15 18:24:48.568965,CONFIRMADO,119.7
100,19,2026-09-15 12:24:49.110257,CONFIRMADO,203.3
96,21,2026-09-16 19:24:48.691486,CONFIRMADO,132.6
98,40,2026-09-14 05:24:48.865249,CONFIRMADO,119.7
99,30,2026-09-15 15:24:48.984217,CONFIRMADO,44.7
87,22,2026-09-15 13:24:00.000000,CONFIRMADO,344.4
